rank,team,f1_score,accuracy,precision,recall
1,my_team_1,0.350020618556701,0.36036036036036034,0.24074074074074073,0.3023255813953488
2,advanced_gnn_preds,0.33390058217644425,0.3963963963963964,0.14705882352941177,0.11627906976744186
3,baseline_mlp_preds,0.32672131147540984,0.3333333333333333,0.22807017543859648,0.3023255813953488
